qF1,qF2,qF3,qH1,qH2,qH3
8.585252146800258,0.032722340348938866,-8.271848991616078,1.0871620837000093,-0.032722340348938866,8.271848991616078
