qF1,qF2,qF3,qH1,qH2,qH3
1.0696928822139722,0.07061977395429901,-6.327418668131793,-0.09251559303220035,-0.07419738931117918,6.4584538883263685
