qF1,qF2,qF3,qH1,qH2,qH3
8.002722027276114,0.06265204759905993,-5.363198631359167,0.9507738423811674,-0.10134076665268987,7.530128065495012
