qF1,qF2,qF3,qH1,qH2,qH3
6.719715430414719,0.03935979529957852,-4.045557166999613,2.4601458086481927,-0.05641933598857503,4.915252551324655
