qF1,qF2,qF3,qH1,qH2,qH3
10.176262650814099,0.06117357655748899,-5.799956972120473,-0.7306985711292711,-0.07435326794213973,6.477656703119214
