qF1,qF2,qF3,qH1,qH2,qH3
10.186150321770528,0.050920554566212056,-5.173447720828365,-1.0728496237400629,-0.07627630553502615,6.645191738211478
