qF1,qF2,qF3,qH1,qH2,qH3
1.021792269263902,0.08886268802386887,-7.840400035085969,0.0,-0.1307702366941284,10.0
