qF1,qF2,qF3,qH1,qH2,qH3
10.396848518252382,0.06055442358668451,-5.843690196485022,-1.0728496237400635,-0.07627630553502619,6.645191738211481
