qF1,qF2,qF3,qH1,qH2,qH3
1.0607639348832318,0.0397688238674354,-4.279587888976093,-0.03727485708178415,-0.06204557938301016,5.403145482993209
