qF1,qF2,qF3,qH1,qH2,qH3
-1.46047133053971,-0.013561410413993705,1.948858940994213,0.4870789532871967,-0.5367908003938187,19.018239845479112
