qF1,qF2,qF3,qH1,qH2,qH3
1.0809573079843835,0.07105457007891795,-6.406375863797047,-0.09251559303220044,-0.0741973893111792,6.4584538883263685
