qF1,qF2,qF3,qH1,qH2,qH3
6.785221733013345,0.038453037207493594,-3.993353851334319,2.4601458086481887,-0.05641933598857499,4.915252551324653
