qF1,qF2,qF3,qH1,qH2,qH3
10.418895491531293,0.0584449633571299,-5.751696347969252,-1.0728496237400635,-0.07627630553502619,6.645191738211481
