qF1,qF2,qF3,qH1,qH2,qH3
1.0871921880539301,0.06557300111201687,-6.173804721804741,-0.09251559303220024,-0.0741973893111792,6.458453888326368
