qF1,qF2,qF3,qH1,qH2,qH3
6.902107308685749,0.041735479420486006,-4.1666695434834775,2.460145808648186,-0.056419335988575,4.915252551324654
