qF1,qF2,qF3,qH1,qH2,qH3
1.0514115445779602,0.06788553697800734,-6.207652294183788,-0.06573093935297378,-0.07305352564615049,6.360428332796413
