qF1,qF2,qF3,qH1,qH2,qH3
1.0772257268893357,0.06575760847457714,-6.1698827382460655,-0.09251559303220026,-0.0741973893111792,6.458453888326368
