qF1,qF2,qF3,qH1,qH2,qH3
1.0813002230702764,0.06599790883666512,-6.175914118938912,-0.09251559303220057,-0.0741973893111792,6.4584538883263685
