qF1,qF2,qF3,qH1,qH2,qH3
9.726067696492205,0.039745664565992975,-4.048733849657425,-0.3842115917155701,-0.062201279610748395,5.418975479688401
