qF1,qF2,qF3,qH1,qH2,qH3
10.29464858606853,0.052006750346637216,-5.2708508706296895,-1.0728496237400627,-0.07627630553502615,6.645191738211479
