qF1,qF2,qF3,qH1,qH2,qH3
1.0776529777705326,0.066072804381094,-6.193014283760002,-0.09251559303220035,-0.0741973893111792,6.458453888326368
