qF1,qF2,qF3,qH1,qH2,qH3
1.072419925429672,0.058605744818372135,-5.653382166557737,-0.09251559303220035,-0.0741973893111792,6.458453888326368
