qF1,qF2,qF3,qH1,qH2,qH3
10.527498283501146,0.05735645689381536,-5.694628839665032,-1.0728496237400647,-0.07627630553502616,6.64519173821148
