qF1,qF2,qF3,qH1,qH2,qH3
1.0055676259821784,0.04094891918383179,-10.269484327874386,0.0,-0.039301996541424314,10.0
