qF1,qF2,qF3,qH1,qH2,qH3
0.9825134571482547,-0.0071672739057242075,-1.8376798988063616,0.0,0.0,2.083333333333333
