qF1,qF2,qF3,qH1,qH2,qH3
1.0622681822482447,0.059061619032957126,-5.66842229744567,-0.09251559303220028,-0.0741973893111792,6.458453888326368
