qF1,qF2,qF3,qH1,qH2,qH3
9.414008781450674,-0.008327043160092517,1.9943272593085195,0.0,0.0,2.0833333333333326
