qF1,qF2,qF3,qH1,qH2,qH3
0.0004556112608714509,-0.004872596065568452,2.1841831903625866,0.0,0.0,2.0833333333333335
