qF1,qF2,qF3,qF4,qF5,qF6,qF7,qH1,qH2,qH3,qH4,qH5,qH6,qH7
2.3963459941651394e-9,-6.1025868408457e-9,-1.440545814735328e-9,5.312586723502421e-13,8.822581877732832e-10,-2.453963268035959e-9,10.00000000390257,0.0,0.0,0.0,0.0,0.0,0.0,10.000000000000002
