qF1,qF2,qF3,qH1,qH2,qH3
0.0007147666524872926,-0.000925809154988223,0.26894900547300976,0.0,0.0,2.083333333333334
