qF1,qF2,qF3,qH1,qH2,qH3
0.00023278764153072083,-0.015208190567997042,6.56963571503258,0.0,0.0,2.083333333333334
