qF1,qF2,qF3,qH1,qH2,qH3
8.52049430859829,-0.003169962358677814,-0.31407310736163646,0.0,0.0,2.0833333333333326
