qF1,qF2,qF3,qH1,qH2,qH3
9.517856689878956,-0.00211028426327148,-1.0439548472781,0.0,0.0,2.0833333333333335
